{"documentos\\RES - 2025 - 1 - CD-ART UNNE - Licencia Natalicio No Docentes FADyCC.pdf": 1741359518.8151972, "documentos\\RES - 2025 - 14 - D-AGR UNNE - DECLARAR ABIERTO -LLAMADO A CONSURSO PUBLICO PARA PROVEER DE 1 PROFESOR TITULAR BOTANICA SISTEMATICA CON DEDICACION EXCLUSIVA.pdf": 1741359533.978449, "documentos\\RES 2024-1117-D-ECO- INSCRIP. MEJORAMIENTO DPTO CIENCIAS SOCIALES-951-CS.pdf": 1741359605.0997233, "documentos\\RES 2024-1157-D-ECO-INSCRIP-938-CS-CONVOCATORIA EVALUACION TIT.Y ADJUNTOS VTO 1ER.SEMESTRE 2025.pdf": 1741359620.9082015, "documentos\\RES-2024-1062-CS UNNE.pdf": 1741359795.5250347, "documentos\\RES-2024-706-CD-ECO-LLAMADO A CONCURSO AUX.DOCENTES 1ERO Y 2DO AO 2024.pdf": 1741359588.199189, "documentos\\RES-2024-759-CD-ECO-LLAMADO A CONCURSO GRADUADOS ADSCRIPTOS Y AYUDANTES ALUMNOS-FEBRERO 2025.pdf": 1741359597.202609, "documentos\\RES-2025-08-D-VET - Modificar el apartado a Plan de Trabajo del ANEXO VIII de la RES-2024-1204-D-VET 2.pdf": 1741359781.663007, "documentos\\RES-2025-10-D-HUMUNNE- LLAMA A INSCRIP-CONCURSO.pdf": 1741359905.7655256, "documentos\\RES-2025-148-D- EXA UNNE.pdf": 1741359934.0791538, "documentos\\RES-2025-210- REC UNNE.pdf": 1741359550.359077, "documentos\\RES-2025-508-REC UNNE.pdf": 1741359871.8607829, "documentos\\RES-2025-818-REC-UNNE.pdf": 1741359889.4364262}